gamma,FN,FP,FNrate,FPrate,Errormean,Errorstd,Timemean,Normalerrors_mean
1.0,0,0,0.0,0.0,0.00001,0.00003,0.026,0.00001
1.1,0,0,0.0,0.0,0.00001,0.00003,0.026,0.00001
1.25,0,0,0.0,0.0,0.00001,0.00003,0.026,0.00001
1.5,0,0,0.0,0.0,0.00001,0.00003,0.026,0.00001